sample_no,is_synthetic,age,gender,education_years,hh_size,land_decimals,experience_years,farming_system,flock_size,market_distance_km,extension_training,credit_access,group_member,gross_income_bdt,csat_adopted,n_practices,flood_mortality_pct,flock_lost_pct,restore_weeks,wei_score,empowered,low_mortality
1,1,40,Female,15,5,5,9,Intensive,34,5.2,1,0,1,42400,1,3,14.9,19.5,10.3,2.81,1,1
2,1,27,Female,15,5,123,2,Semi-intensive,16,6.5,0,1,0,49200,1,2,22.7,20.0,19.1,2.89,1,0
3,1,45,Female,4,6,14,6,Semi-intensive,49,6.1,1,1,1,78900,1,3,1.0,10.9,10.2,2.19,0,1
4,1,46,Female,9,7,80,12,Free-range,54,5.4,1,0,0,59100,1,3,18.5,0.0,3.9,4.01,1,0
5,1,18,Female,8,5,280,1,Intensive,63,6.1,0,0,1,92000,1,3,9.5,14.2,10.3,3.71,1,1
6,1,24,Female,6,4,114,3,Free-range,90,4.7,0,1,1,75500,1,4,11.6,21.4,6.0,2.76,1,1
7,1,38,Female,0,6,48,6,Free-range,40,5.8,0,0,0,46700,1,1,11.9,37.0,19.3,3.51,1,1
8,1,34,Male,1,4,93,8,Free-range,54,3.1,0,1,1,45800,1,2,15.6,24.2,15.0,3.18,1,0
9,1,37,Male,10,5,32,7,Semi-intensive,40,5.7,0,0,0,75900,1,3,12.8,7.1,2.0,3.58,1,1
10,1,28,Female,4,6,370,1,Semi-intensive,119,6.4,0,1,1,107000,1,1,26.7,33.3,18.0,1.92,0,0
11,1,46,Female,14,4,24,13,Semi-intensive,39,3.2,0,1,0,25000,1,1,10.3,41.1,11.8,2.88,1,1
12,1,45,Female,4,6,54,8,Semi-intensive,28,4.9,0,0,0,35000,0,0,24.2,42.3,13.3,2.95,1,0
13,1,38,Male,15,6,105,3,Free-range,29,3.3,0,1,1,57900,0,0,17.5,39.7,18.2,3.5,1,0
14,1,48,Female,4,3,87,5,Free-range,71,3.5,0,0,0,34600,0,0,27.0,30.0,20.6,2.5,1,0
15,1,42,Male,9,6,96,9,Free-range,36,2.1,0,1,0,68500,1,3,16.1,25.7,2.8,1.0,0,0
16,1,28,Female,0,6,33,1,Free-range,60,7.8,0,0,0,68100,0,0,31.7,6.7,21.8,2.13,0,0
17,1,41,Female,5,5,46,5,Free-range,61,7.4,1,0,1,52400,0,0,20.8,41.8,22.1,2.95,1,0
18,1,27,Female,9,4,142,1,Semi-intensive,19,6.1,0,0,0,62400,1,3,17.0,42.7,9.6,3.05,1,0
19,1,46,Male,13,4,136,8,Semi-intensive,17,9.0,1,0,0,84600,1,4,15.4,0.0,2.7,4.35,1,0
20,1,37,Female,11,4,89,5,Semi-intensive,63,4.3,0,1,1,91300,1,2,5.7,21.6,8.7,3.47,1,1
21,1,35,Female,1,6,195,5,Free-range,11,9.0,1,0,1,39000,1,1,23.5,30.9,19.9,3.07,1,0
22,1,30,Male,5,3,147,3,Free-range,11,4.3,1,1,1,38400,1,2,21.4,19.4,6.6,2.97,1,0
23,1,49,Female,0,6,132,3,Free-range,127,5.4,0,0,0,61600,0,0,22.4,48.4,23.3,3.88,1,0
24,1,35,Female,0,3,5,6,Free-range,8,3.8,0,0,1,46500,0,0,16.7,42.7,18.3,2.53,1,0
25,1,33,Female,8,5,88,4,Free-range,69,5.7,0,0,0,46900,1,2,21.3,25.5,12.2,2.89,1,0
26,1,33,Female,7,5,73,5,Free-range,30,6.8,1,0,0,55000,1,3,4.2,25.0,2.6,2.13,0,1
27,1,42,Female,9,9,216,3,Free-range,54,4.5,1,0,1,68300,1,3,10.3,17.2,8.8,4.14,1,1
28,1,41,Male,9,3,42,2,Semi-intensive,57,9.0,0,1,1,54900,1,2,15.4,55.8,15.1,3.31,1,0
29,1,41,Female,8,7,3,5,Free-range,32,5.4,1,0,0,69100,1,4,11.5,11.5,2.0,2.43,0,1
30,1,41,Male,9,5,184,7,Free-range,38,5.4,1,0,1,91200,1,2,11.8,26.0,14.6,2.91,1,1
31,1,58,Male,0,6,85,10,Free-range,67,2.6,0,1,0,51700,0,0,19.9,20.9,19.4,3.41,1,0
32,1,33,Female,1,5,27,6,Free-range,86,5.8,1,0,0,54000,0,0,24.6,32.6,16.4,2.8,1,0
33,1,32,Male,8,6,32,4,Free-range,75,4.5,1,1,0,94500,1,4,13.2,21.5,9.6,2.57,1,1
34,1,29,Male,10,5,109,3,Free-range,45,3.3,0,1,1,55100,1,1,33.5,17.6,7.0,2.48,0,0
35,1,43,Male,0,7,106,8,Semi-intensive,31,2.9,0,1,0,73000,1,2,6.6,2.4,14.0,3.27,1,1
36,1,48,Female,6,4,175,3,Free-range,17,9.0,0,1,0,62300,1,4,9.1,10.3,12.7,2.71,1,1
37,1,36,Female,9,7,48,6,Semi-intensive,44,4.2,0,0,1,65900,1,4,1.0,23.7,12.0,2.64,1,1
38,1,29,Female,0,4,30,3,Free-range,36,1.3,0,0,0,17600,0,0,30.1,38.4,20.6,1.93,0,0
39,1,29,Female,6,5,79,3,Free-range,75,3.1,1,0,0,57600,1,4,1.6,6.6,5.0,3.06,1,1
40,1,44,Female,10,3,60,4,Free-range,56,4.7,0,0,0,23900,0,0,20.0,19.4,16.5,2.86,1,0
41,1,44,Female,9,6,37,11,Free-range,86,6.1,0,1,1,71400,1,1,16.3,35.5,14.6,2.74,1,0
42,1,42,Female,0,7,201,11,Free-range,13,6.1,0,0,1,21500,1,1,19.3,37.6,18.0,3.16,1,0
43,1,30,Female,9,5,353,1,Semi-intensive,103,6.4,0,1,1,89600,1,1,21.7,13.2,12.6,3.6,1,0
44,1,39,Female,6,5,149,7,Free-range,51,3.3,0,0,1,48300,0,0,26.9,49.3,22.0,3.56,1,0
45,1,38,Male,9,3,48,8,Semi-intensive,16,5.6,1,1,1,44200,1,2,15.6,31.7,21.1,3.44,1,0
46,1,39,Male,6,5,90,4,Free-range,11,2.7,1,0,0,40000,1,3,3.4,28.3,9.2,2.81,1,1
47,1,46,Female,4,3,73,12,Free-range,75,3.3,1,0,1,71000,1,1,24.2,36.8,10.4,2.55,1,0
48,1,39,Female,4,4,132,7,Free-range,34,2.6,0,0,0,30600,0,0,23.7,44.5,13.6,2.16,0,0
49,1,44,Male,0,5,114,12,Free-range,30,1.9,1,0,1,26700,0,0,31.0,43.2,22.1,2.53,1,0
50,1,38,Female,11,7,45,10,Free-range,36,7.4,0,1,1,71200,1,2,11.4,32.7,12.4,3.02,1,1
51,1,40,Female,0,9,20,3,Intensive,58,6.5,1,0,1,55300,0,0,14.4,19.8,22.5,2.37,0,1
52,1,43,Female,0,4,77,7,Semi-intensive,38,7.1,0,0,1,64000,1,4,7.0,0.0,4.1,3.08,1,1
53,1,22,Female,4,7,36,1,Intensive,9,4.9,0,0,0,54100,1,2,23.4,16.6,15.9,2.23,0,0
54,1,34,Female,9,5,10,3,Free-range,99,6.7,1,0,0,88800,1,4,8.2,8.7,5.6,1.67,0,1
55,1,32,Male,11,5,27,3,Semi-intensive,12,0.6,1,0,0,45600,1,1,18.6,34.9,12.9,3.66,1,0
56,1,31,Female,13,6,8,6,Free-range,34,6.9,1,0,1,42500,1,2,10.4,27.2,11.0,2.62,1,1
57,1,34,Female,5,5,52,2,Semi-intensive,32,5.2,0,1,0,88200,1,3,21.9,28.2,4.6,2.33,0,0
58,1,52,Male,4,5,373,10,Intensive,48,6.3,1,0,1,56700,1,3,5.2,28.5,17.4,2.12,0,1
59,1,28,Male,0,4,43,4,Semi-intensive,11,5.7,0,0,0,55600,0,0,19.6,29.3,18.6,3.34,1,0
60,1,47,Female,6,3,42,7,Semi-intensive,29,2.4,0,1,0,37500,0,0,27.4,40.4,21.6,4.1,1,0
61,1,20,Female,14,3,54,1,Semi-intensive,19,1.2,0,0,1,59900,1,2,4.5,15.5,10.5,2.68,1,1
62,1,34,Female,7,6,215,8,Free-range,48,3.1,0,1,1,81100,1,4,14.8,8.1,2.0,2.83,1,1
63,1,39,Female,5,4,368,6,Semi-intensive,50,6.2,0,0,1,63600,0,0,27.7,41.2,18.1,3.86,1,0
64,1,43,Female,5,4,267,4,Free-range,22,6.5,0,1,1,49900,1,4,12.6,0.0,10.6,1.55,0,1
65,1,44,Male,11,5,148,3,Semi-intensive,74,1.5,1,1,0,71000,0,0,27.3,62.1,16.9,4.57,1,0
66,1,45,Female,5,6,20,13,Semi-intensive,55,2.4,0,0,0,93100,1,3,10.4,22.7,5.9,4.96,1,1
67,1,34,Female,0,5,151,3,Free-range,13,3.1,1,1,0,42900,1,2,9.2,18.0,13.2,0.83,0,1
68,1,32,Male,4,4,10,4,Free-range,8,3.9,0,1,1,57300,1,4,6.4,29.3,8.2,2.92,1,1
69,1,46,Female,1,7,7,4,Free-range,31,1.5,0,1,0,51500,1,3,5.5,13.5,16.0,2.42,0,1
70,1,35,Male,1,7,68,5,Free-range,50,1.4,0,0,1,60600,1,3,14.3,18.3,10.8,2.79,1,1
71,1,24,Male,0,6,60,3,Free-range,19,2.8,0,0,0,72600,1,2,20.4,19.1,15.2,2.67,1,0
72,1,26,Female,6,6,49,2,Semi-intensive,41,5.0,1,0,1,30300,0,0,32.9,54.5,21.9,3.65,1,0
73,1,28,Female,8,7,39,5,Free-range,33,2.0,0,1,1,28400,0,0,26.2,37.0,14.4,2.91,1,0
74,1,42,Male,6,7,95,5,Semi-intensive,104,4.5,0,0,0,125000,1,6,4.3,0.0,2.0,2.27,0,1
75,1,38,Female,6,6,68,6,Free-range,13,7.3,0,0,1,55300,1,2,13.8,36.0,8.3,2.86,1,1
76,1,44,Male,12,6,127,12,Free-range,66,1.7,0,0,1,100800,1,3,8.5,22.9,4.1,3.41,1,1
77,1,33,Female,10,6,138,4,Free-range,63,4.3,0,1,0,57700,1,2,18.4,23.5,15.8,2.05,0,0
78,1,39,Male,5,3,85,4,Semi-intensive,35,7.3,0,1,1,68000,1,4,4.9,21.1,7.4,1.68,0,1
79,1,43,Female,6,6,29,11,Free-range,43,3.8,1,0,0,35800,0,0,25.6,63.4,19.3,4.59,1,0
80,1,34,Female,9,3,28,4,Free-range,11,3.4,0,0,1,35900,0,0,17.6,41.2,8.6,2.49,0,0
81,1,42,Female,0,4,40,7,Free-range,126,7.6,1,0,0,67300,1,3,6.1,18.2,17.6,2.89,1,1
82,1,30,Female,4,7,84,6,Semi-intensive,36,4.1,0,0,0,64200,1,2,19.4,25.7,9.0,2.68,1,0
83,1,33,Female,11,6,120,3,Free-range,125,7.5,0,0,0,78300,0,0,29.3,51.1,27.2,3.44,1,0
84,1,33,Female,4,7,31,3,Semi-intensive,43,5.8,1,0,0,68200,1,4,1.3,4.0,2.0,4.42,1,1
85,1,25,Male,7,4,194,1,Semi-intensive,24,4.0,0,1,0,56900,1,4,11.2,7.2,3.0,3.46,1,1
86,1,42,Female,6,3,48,6,Semi-intensive,88,6.0,0,0,0,48300,0,0,20.8,22.6,10.2,1.79,0,0
87,1,32,Female,7,5,306,3,Free-range,51,5.6,1,0,1,76000,1,3,11.5,5.2,10.8,1.89,0,1
88,1,37,Female,6,5,65,7,Free-range,155,7.3,1,1,1,79900,1,2,24.1,18.8,8.2,2.68,1,0
89,1,42,Female,0,5,140,4,Free-range,24,3.5,1,0,0,45600,0,0,28.8,37.4,14.7,2.79,1,0
90,1,41,Male,6,7,4,9,Free-range,90,4.9,1,1,1,96500,1,1,24.6,48.7,10.3,1.62,0,0
91,1,44,Male,0,4,25,5,Semi-intensive,93,4.7,0,0,1,83300,0,0,35.5,43.4,22.1,3.66,1,0
92,1,36,Female,10,5,42,4,Free-range,64,6.5,0,1,1,37300,1,1,15.6,21.9,18.6,2.13,0,0
93,1,33,Male,4,3,10,4,Free-range,94,2.3,1,0,0,55400,0,0,18.1,30.7,26.2,4.19,1,0
94,1,36,Male,5,6,47,7,Free-range,36,7.2,0,1,1,72500,1,4,2.9,23.7,3.5,4.46,1,1
95,1,20,Female,10,5,37,1,Semi-intensive,20,5.9,1,0,0,48000,1,2,14.1,35.3,13.5,2.8,1,1
96,1,23,Male,10,4,177,1,Free-range,26,1.6,0,0,0,49500,1,5,1.0,3.3,2.0,3.35,1,1
97,1,24,Female,5,5,1,3,Semi-intensive,41,7.7,0,1,0,61700,1,2,14.4,19.6,11.3,2.01,0,1
98,1,27,Male,5,5,105,3,Free-range,66,9.0,0,0,1,71000,1,3,8.1,28.2,7.3,3.5,1,1
99,1,41,Female,15,4,150,4,Intensive,21,7.2,1,0,0,64200,0,0,28.7,28.1,20.9,2.6,1,0
100,1,28,Female,8,8,308,5,Semi-intensive,31,8.2,0,0,0,43300,1,1,21.9,34.9,19.9,2.13,0,0
101,1,33,Female,10,5,124,4,Free-range,23,5.0,0,1,1,78400,1,4,3.6,32.7,10.2,2.77,1,1
102,1,50,Male,11,5,18,4,Free-range,74,0.8,1,0,0,50200,1,2,19.1,26.1,9.2,2.63,1,0
103,1,33,Female,10,2,45,4,Free-range,124,0.5,1,1,1,77000,1,3,15.7,9.2,13.4,2.74,1,0
104,1,44,Female,0,4,77,4,Free-range,17,5.4,1,1,0,46100,0,0,19.4,42.1,18.8,3.76,1,0
105,1,28,Female,4,5,200,2,Free-range,57,3.4,0,0,1,65100,0,0,21.0,33.3,17.7,2.37,0,0
106,1,35,Male,1,4,3,7,Semi-intensive,80,2.6,0,0,0,44600,0,0,10.6,24.1,16.2,4.39,1,1
107,1,27,Female,7,7,104,1,Semi-intensive,34,4.6,0,0,0,42200,0,0,17.5,45.0,16.8,1.94,0,0
108,1,34,Male,12,5,5,7,Free-range,12,6.3,0,1,1,26900,1,2,11.1,35.2,19.6,4.29,1,1
109,1,45,Female,6,7,30,13,Free-range,87,1.3,0,0,0,69900,1,2,16.0,20.9,13.8,2.19,0,0
110,1,20,Female,6,5,8,1,Free-range,11,3.7,0,0,1,57600,1,2,9.9,20.2,13.3,3.0,1,1
111,1,41,Female,0,5,24,9,Intensive,104,8.4,1,0,0,60300,0,0,20.9,28.4,18.0,2.61,1,0
112,1,39,Female,11,5,130,8,Free-range,22,2.2,0,0,0,70200,1,6,1.0,0.0,9.6,2.73,1,1
113,1,31,Female,0,5,39,6,Semi-intensive,10,6.9,0,1,1,35700,1,3,12.4,11.4,14.6,3.64,1,1
114,1,23,Male,0,7,21,1,Semi-intensive,28,3.6,0,1,1,42700,1,2,18.2,13.9,9.7,4.2,1,0
115,1,38,Female,1,2,18,3,Free-range,39,6.1,0,0,0,68300,0,0,26.4,56.9,17.9,3.95,1,0
116,1,32,Male,0,2,12,4,Free-range,45,7.4,0,0,1,58800,1,2,15.7,28.7,11.7,2.68,1,0
117,1,39,Female,4,4,122,7,Free-range,61,6.6,0,1,0,37300,0,0,14.8,43.7,19.6,3.15,1,1
118,1,37,Male,4,5,62,3,Semi-intensive,48,7.0,0,1,0,42400,0,0,20.3,46.8,16.2,2.37,0,0
119,1,53,Male,6,6,86,12,Free-range,118,2.0,0,1,0,60900,1,2,13.2,31.7,14.4,2.21,0,1
120,1,35,Male,0,6,7,2,Semi-intensive,37,7.5,0,0,1,40800,1,2,13.2,19.9,18.4,2.08,0,1
121,1,27,Female,0,4,63,4,Semi-intensive,49,2.8,1,1,0,84200,1,3,11.8,19.7,4.1,2.65,1,1
122,1,39,Male,4,6,1,4,Semi-intensive,47,5.4,1,0,0,56500,1,2,24.2,21.3,8.1,3.2,1,0
123,1,39,Female,0,6,176,2,Free-range,9,5.4,0,0,1,59600,0,0,28.9,42.4,17.1,1.47,0,0
124,1,51,Female,9,5,104,5,Free-range,15,6.0,1,1,1,45900,1,2,9.7,27.4,10.9,2.96,1,1
125,1,45,Female,0,6,53,5,Semi-intensive,41,5.6,0,0,1,61800,1,3,15.5,13.2,17.4,4.21,1,0
126,1,41,Female,4,5,0,5,Free-range,54,2.8,1,0,1,75900,1,3,15.2,3.7,13.4,3.9,1,0
127,1,52,Male,6,4,16,4,Semi-intensive,8,1.6,1,0,0,12000,0,0,19.2,39.5,22.8,2.53,1,0
128,1,25,Female,5,6,8,1,Free-range,121,6.9,0,1,1,87200,1,2,20.7,22.0,11.5,1.88,0,0
129,1,31,Male,0,5,50,2,Free-range,57,5.2,1,1,0,73300,1,4,6.2,0.0,5.1,3.37,1,1
130,1,28,Female,0,5,89,3,Semi-intensive,40,7.6,0,1,1,76800,1,2,7.1,29.1,6.8,1.15,0,1
131,1,33,Male,11,7,84,4,Free-range,55,4.7,0,0,1,74800,1,2,18.3,33.7,15.7,3.89,1,0
132,1,23,Female,0,2,233,1,Free-range,26,1.4,1,0,1,47200,1,4,8.5,35.3,8.2,2.83,1,1
133,1,43,Female,5,3,57,6,Free-range,45,7.1,0,1,0,75100,1,2,14.2,20.1,17.7,4.47,1,1
134,1,35,Female,5,3,186,2,Free-range,50,3.9,0,1,0,43800,0,0,23.8,32.6,18.2,1.62,0,0
135,1,22,Male,5,4,43,1,Semi-intensive,88,5.6,0,0,1,66100,1,3,7.1,5.9,8.8,3.73,1,1
136,1,27,Female,4,5,100,2,Free-range,35,3.2,0,1,0,69000,1,4,10.9,12.1,6.9,2.92,1,1
137,1,40,Female,11,3,48,9,Free-range,12,8.7,0,1,1,31400,0,0,23.7,40.0,22.6,2.74,1,0
138,1,45,Female,11,3,81,13,Free-range,20,2.7,0,0,1,58500,0,0,25.0,29.9,13.1,1.9,0,0
139,1,57,Female,0,4,58,18,Intensive,33,4.0,0,1,1,82300,1,6,1.0,0.0,2.7,3.48,1,1
140,1,63,Male,6,9,26,14,Free-range,13,5.1,0,1,0,37400,0,0,17.1,18.2,18.9,3.54,1,0
141,1,41,Female,1,8,84,7,Intensive,18,2.2,0,0,0,48900,0,0,18.6,47.3,14.8,4.43,1,0
142,1,27,Female,6,4,107,2,Semi-intensive,20,5.6,0,1,0,64300,1,2,2.3,16.3,4.3,3.81,1,1
143,1,18,Female,8,4,125,1,Free-range,31,8.7,0,0,1,63800,1,2,19.0,23.7,12.1,2.52,1,0
144,1,40,Female,0,3,74,9,Semi-intensive,56,3.6,0,0,1,69500,0,0,16.7,23.7,24.8,2.2,0,0
145,1,29,Male,6,2,0,5,Semi-intensive,30,5.7,0,0,0,73000,1,4,8.0,4.2,12.9,1.91,0,1
146,1,33,Female,11,5,89,7,Free-range,59,0.5,0,1,1,71000,1,3,13.6,14.2,10.8,4.18,1,1
147,1,31,Male,1,3,11,4,Free-range,40,4.7,1,0,0,61300,0,0,27.6,37.9,26.8,2.38,0,0
148,1,36,Female,6,5,71,7,Semi-intensive,18,4.0,1,1,0,41000,1,1,12.6,35.8,15.6,4.18,1,1
149,1,48,Female,9,2,81,13,Semi-intensive,51,2.8,0,0,1,48300,0,0,23.6,52.4,22.8,3.42,1,0
150,1,39,Female,0,4,3,5,Semi-intensive,46,7.4,0,1,0,70200,0,0,34.0,45.3,17.2,3.26,1,0
151,1,35,Male,0,5,61,8,Intensive,60,4.0,0,0,0,85700,1,2,25.9,33.6,10.5,2.75,1,0
152,1,27,Female,0,5,6,1,Free-range,68,4.4,1,1,1,53700,0,0,29.9,52.5,16.3,3.53,1,0
153,1,20,Female,13,6,0,1,Semi-intensive,90,3.9,0,1,0,61200,1,1,21.8,36.7,7.6,2.99,1,0
154,1,32,Female,0,3,6,6,Semi-intensive,57,0.5,0,0,0,88400,1,3,5.4,16.6,14.5,2.7,1,1
155,1,36,Female,0,6,53,2,Free-range,44,2.1,0,1,1,56600,0,0,28.3,48.1,16.4,3.56,1,0
156,1,55,Male,1,4,50,13,Free-range,60,7.1,0,1,0,85400,1,5,2.1,13.7,2.0,2.88,1,1
157,1,38,Female,0,6,33,2,Free-range,28,0.5,0,0,1,35300,0,0,27.4,44.5,14.3,2.36,0,0
158,1,47,Female,8,5,103,12,Semi-intensive,26,3.0,0,0,0,55700,1,2,11.8,9.5,11.8,3.48,1,1
159,1,32,Female,0,3,47,6,Free-range,97,3.8,0,1,0,69600,1,1,18.8,22.6,22.9,2.95,1,0
160,1,25,Female,6,4,90,2,Semi-intensive,26,9.0,0,0,0,35800,1,1,20.8,28.3,24.2,3.39,1,0
161,1,27,Female,5,5,124,4,Free-range,20,6.6,0,0,1,38800,0,0,25.5,45.8,12.4,2.64,1,0
162,1,30,Female,11,6,387,2,Free-range,57,3.5,0,0,0,53700,0,0,27.0,37.8,17.6,2.03,0,0
163,1,58,Female,1,5,54,8,Semi-intensive,28,7.9,1,0,1,34500,0,0,20.5,49.4,14.9,4.39,1,0
164,1,29,Female,9,7,176,3,Free-range,68,3.0,1,0,1,66500,0,0,15.9,51.2,23.0,4.24,1,0
165,1,45,Female,7,6,76,3,Semi-intensive,85,7.2,0,0,1,77800,0,0,33.7,50.0,20.1,3.71,1,0
166,1,28,Female,1,5,81,3,Free-range,23,1.5,0,0,0,51600,0,0,38.9,50.1,16.5,2.69,1,0
167,1,46,Female,10,6,55,6,Semi-intensive,62,7.4,0,0,1,47800,0,0,26.7,27.6,19.3,2.76,1,0
168,1,41,Female,10,8,70,6,Free-range,25,3.8,1,1,1,49300,0,0,16.1,42.8,17.1,4.11,1,0
169,1,35,Female,0,8,47,5,Intensive,34,2.3,0,1,0,67000,1,4,2.6,3.9,12.7,2.72,1,1
170,1,37,Female,12,3,151,9,Semi-intensive,49,4.3,1,1,1,29800,0,0,27.1,21.5,21.2,2.49,0,0
171,1,30,Female,6,4,25,2,Free-range,26,5.5,0,0,1,60500,1,2,23.6,21.1,15.3,4.5,1,0
172,1,41,Female,4,7,6,11,Free-range,46,3.6,0,1,1,60100,1,2,8.3,37.2,2.0,2.96,1,1
173,1,32,Female,14,3,32,4,Free-range,36,6.1,0,0,1,78900,0,0,23.3,42.6,18.7,4.41,1,0
174,1,25,Female,6,3,28,2,Semi-intensive,69,3.4,0,0,0,80600,1,1,21.0,51.2,24.1,1.88,0,0
175,1,24,Female,9,4,32,2,Semi-intensive,69,6.3,0,0,1,94100,1,5,8.2,4.8,8.3,3.41,1,1
176,1,39,Female,4,6,52,6,Free-range,27,5.9,0,1,1,42900,0,0,21.9,62.5,11.6,4.66,1,0
177,1,53,Female,11,5,32,7,Free-range,50,4.7,0,0,0,49800,0,0,14.6,39.8,17.7,3.02,1,1
178,1,39,Female,4,4,51,6,Semi-intensive,76,3.7,0,0,0,54500,1,2,19.3,24.2,7.8,2.79,1,0
179,1,36,Female,0,4,32,3,Free-range,18,5.2,0,1,0,18000,1,1,26.5,18.2,22.6,2.07,0,0
180,1,40,Female,5,4,92,5,Semi-intensive,35,6.1,0,0,0,36000,1,1,19.3,42.1,16.8,3.87,1,0
181,1,50,Female,6,4,384,10,Free-range,49,9.0,1,1,0,58500,1,2,18.0,19.0,9.5,2.38,0,0
182,1,39,Female,0,8,75,6,Semi-intensive,17,7.1,1,0,1,12000,0,0,21.2,31.5,19.1,2.92,1,0
183,1,33,Male,0,5,34,6,Intensive,29,7.1,1,0,0,32500,0,0,18.9,50.8,8.6,2.01,0,0
184,1,48,Female,4,6,288,6,Free-range,110,9.0,0,1,0,65000,0,0,30.2,49.6,14.7,4.25,1,0
185,1,41,Female,1,4,79,11,Free-range,26,6.0,0,1,1,36100,0,0,26.3,49.3,19.1,3.92,1,0
186,1,52,Female,0,5,51,14,Free-range,28,6.0,0,1,1,42500,1,2,18.5,20.4,16.0,2.97,1,0
187,1,39,Female,8,4,54,10,Free-range,57,6.5,1,1,1,45200,0,0,33.0,37.5,11.2,2.08,0,0
188,1,25,Female,8,2,69,3,Free-range,15,2.4,1,0,0,71400,1,2,9.3,23.4,11.1,4.23,1,1
189,1,23,Male,7,3,32,1,Semi-intensive,36,3.7,0,1,0,57900,1,1,16.5,38.8,19.8,2.71,1,0
190,1,54,Male,6,2,9,11,Semi-intensive,20,3.6,0,1,0,29200,0,0,24.9,53.5,13.2,2.12,0,0
191,1,54,Male,10,2,8,6,Free-range,46,6.4,0,0,1,45100,0,0,20.6,41.7,19.9,1.59,0,0
192,1,35,Female,4,3,292,7,Semi-intensive,8,4.4,0,0,1,44400,1,2,20.3,43.7,12.9,2.48,0,0
193,1,33,Female,0,7,67,5,Free-range,42,5.1,0,0,1,33900,0,0,22.9,47.0,25.9,1.84,0,0
194,1,52,Male,1,5,32,7,Semi-intensive,49,7.4,1,0,0,54400,1,3,5.4,14.7,8.5,2.5,1,1
195,1,26,Female,9,7,63,4,Free-range,30,6.9,0,1,0,60600,1,1,20.2,39.3,15.1,3.6,1,0
196,1,28,Male,0,6,59,1,Semi-intensive,31,4.4,0,0,0,53000,1,3,12.4,34.1,12.8,2.7,1,1
197,1,43,Female,4,6,7,8,Semi-intensive,27,3.2,0,1,0,36100,1,2,21.2,44.0,7.3,3.28,1,0
198,1,33,Female,14,4,142,6,Semi-intensive,36,7.5,1,0,0,54000,1,2,18.0,35.9,11.7,2.42,0,0
199,1,37,Female,0,6,49,2,Semi-intensive,98,6.7,0,0,0,66000,0,0,26.8,38.3,17.2,3.05,1,0
200,1,35,Male,0,6,68,6,Free-range,70,0.9,0,0,1,32900,1,1,21.7,28.8,15.2,4.54,1,0
201,1,40,Female,13,4,217,9,Semi-intensive,36,4.0,0,0,1,60000,1,3,10.3,22.8,12.8,2.72,1,1
202,1,51,Female,5,6,9,4,Free-range,29,5.2,0,0,1,52300,0,0,19.7,54.7,21.2,3.31,1,0
203,1,38,Female,0,6,23,6,Semi-intensive,66,6.7,1,1,1,77400,1,3,13.1,21.3,6.4,1.75,0,1
204,1,43,Female,11,4,84,5,Free-range,44,7.0,0,0,1,76600,0,0,22.0,42.5,19.5,4.22,1,0
205,1,18,Female,10,3,139,1,Free-range,17,5.5,0,0,1,65500,1,2,25.7,24.5,18.6,2.62,1,0
206,1,37,Male,5,3,29,3,Free-range,33,6.2,1,0,0,79800,1,3,19.5,13.7,6.1,3.84,1,0
207,1,29,Female,8,5,31,5,Free-range,92,5.0,0,0,1,101400,0,0,27.8,36.4,19.6,2.9,1,0
208,1,25,Male,0,5,112,3,Semi-intensive,55,3.2,0,1,0,95900,1,6,1.1,0.0,2.0,3.49,1,1
209,1,28,Male,0,4,361,2,Semi-intensive,29,4.2,0,0,0,54400,1,2,15.1,41.2,12.3,3.54,1,0
210,1,34,Female,6,5,65,4,Semi-intensive,11,4.8,1,1,0,77500,1,5,1.0,0.6,2.0,2.64,1,1
211,1,46,Female,6,6,23,9,Free-range,46,4.7,1,1,0,50300,1,2,14.3,24.5,18.2,3.87,1,1
212,1,24,Female,9,6,15,2,Semi-intensive,40,0.5,0,1,1,63500,1,3,12.0,8.3,6.3,2.39,0,1
213,1,37,Female,10,7,52,5,Free-range,35,3.8,0,0,0,51200,1,3,12.8,24.2,13.5,3.62,1,1
214,1,32,Female,0,7,134,2,Free-range,66,4.9,0,1,1,94700,1,6,1.6,9.7,2.0,2.69,1,1
215,1,34,Male,6,3,490,2,Semi-intensive,56,4.1,0,1,0,52500,1,2,21.1,40.2,10.1,3.28,1,0
216,1,47,Male,0,7,43,14,Free-range,11,4.2,0,1,1,48200,1,4,3.0,12.0,11.1,2.63,1,1
217,1,42,Male,9,4,65,7,Free-range,40,6.0,0,0,1,55800,1,1,15.7,36.7,19.8,3.04,1,0
218,1,50,Female,1,6,254,14,Free-range,14,2.2,1,0,0,33000,0,0,32.7,36.5,19.8,2.14,0,0
219,1,35,Female,9,5,82,5,Free-range,27,0.9,1,1,0,24500,1,2,20.2,29.3,15.6,3.2,1,0
220,1,30,Female,6,4,75,6,Semi-intensive,13,4.0,1,1,1,26200,1,2,13.3,27.1,11.4,3.04,1,1
221,1,35,Female,4,2,215,2,Free-range,13,6.6,0,0,0,36500,1,3,10.8,17.6,9.4,2.57,1,1
222,1,39,Female,9,5,67,3,Free-range,50,8.9,1,1,1,41100,1,1,19.2,32.4,13.2,2.96,1,0
223,1,39,Female,8,3,16,10,Semi-intensive,47,6.7,1,0,0,70300,1,3,11.6,21.5,13.0,3.11,1,1
224,1,26,Female,5,6,179,4,Free-range,38,1.3,0,1,1,52400,1,1,22.6,28.1,13.0,2.51,1,0
225,1,38,Female,11,7,5,5,Semi-intensive,25,4.2,1,0,1,71700,1,3,26.6,14.6,15.3,2.9,1,0
226,1,39,Female,14,4,154,5,Intensive,12,5.4,1,1,1,44700,0,0,25.1,55.1,17.7,2.2,0,0
227,1,62,Female,4,5,60,12,Semi-intensive,27,5.2,0,0,1,54500,0,0,28.0,65.1,19.1,4.88,1,0
228,1,56,Male,4,4,43,10,Semi-intensive,47,6.1,0,1,1,79000,1,4,1.0,0.0,9.2,3.85,1,1
229,1,28,Male,0,4,42,2,Free-range,46,2.6,0,0,1,67000,1,3,8.5,4.4,9.5,3.22,1,1
230,1,34,Female,11,6,52,7,Semi-intensive,90,5.0,0,0,1,88900,1,2,23.0,14.4,11.4,3.94,1,0
231,1,22,Male,6,5,36,1,Free-range,82,5.8,1,0,1,71600,0,0,26.4,37.0,18.9,1.42,0,0
232,1,31,Male,5,8,94,5,Free-range,39,6.8,0,0,0,48900,0,0,1.0,47.0,22.6,0.95,0,1
233,1,40,Female,1,4,38,3,Semi-intensive,27,2.9,0,1,1,81200,1,4,11.2,15.9,3.5,2.68,1,1
234,1,49,Female,11,6,61,4,Free-range,21,4.0,0,0,0,28500,1,4,18.7,11.7,5.7,1.9,0,0
235,1,30,Female,5,5,2,4,Semi-intensive,10,0.5,0,0,0,65400,1,6,1.0,1.3,2.0,2.81,1,1
236,1,30,Female,8,6,60,3,Semi-intensive,15,3.3,0,1,1,31000,0,0,33.1,31.1,22.5,3.16,1,0
237,1,18,Male,1,4,35,1,Intensive,47,3.5,0,1,0,62600,0,0,7.4,35.6,18.6,3.74,1,1
238,1,35,Female,14,5,144,2,Free-range,59,2.4,0,0,1,78600,1,1,25.4,30.8,23.0,2.09,0,0
239,1,26,Female,0,5,45,4,Free-range,31,5.2,1,0,1,56500,1,6,1.0,0.0,2.0,3.32,1,1
240,1,32,Female,1,4,126,6,Semi-intensive,152,4.7,0,0,0,109000,1,1,5.7,19.4,14.8,3.01,1,1
241,1,28,Female,10,6,113,5,Free-range,15,0.5,0,0,0,18800,0,0,26.7,26.8,18.3,3.28,1,0
242,1,36,Male,12,6,116,3,Free-range,10,5.3,0,0,0,17500,0,0,30.9,45.6,13.7,2.58,1,0
243,1,19,Female,1,6,47,1,Semi-intensive,150,2.6,0,1,1,97200,1,3,13.6,19.5,5.3,4.11,1,1
244,1,22,Female,6,7,64,1,Intensive,12,6.0,1,1,0,47700,1,3,14.9,23.1,7.3,2.92,1,1
245,1,58,Female,7,7,92,13,Semi-intensive,31,1.7,0,1,1,31000,1,2,13.1,5.6,17.1,4.42,1,1
246,1,24,Female,10,4,67,1,Free-range,22,4.9,0,0,1,58800,1,2,4.4,9.2,12.5,2.37,0,1
247,1,26,Female,4,5,45,1,Free-range,49,4.1,0,1,1,56700,0,0,28.2,44.6,17.1,3.59,1,0
248,1,55,Female,5,4,19,9,Semi-intensive,29,5.5,0,1,0,84900,1,5,13.5,0.0,7.9,2.95,1,1
249,1,63,Female,8,5,61,9,Free-range,59,5.1,1,1,1,44600,0,0,30.8,50.2,25.2,2.74,1,0
250,1,25,Female,8,4,6,2,Free-range,67,4.2,0,1,0,70900,1,3,1.0,0.0,14.4,3.51,1,1
251,1,33,Male,11,7,13,3,Free-range,10,1.1,0,0,0,45100,1,2,6.5,32.4,9.2,2.76,1,1
252,1,40,Female,5,5,115,5,Free-range,20,1.3,0,1,0,72600,1,2,10.5,15.1,10.6,0.87,0,1
253,1,54,Female,0,5,77,13,Free-range,62,3.4,1,1,0,30000,1,3,1.8,27.5,16.7,0.55,0,1
254,1,27,Female,12,7,116,2,Free-range,76,4.8,0,0,0,55200,1,2,15.9,56.1,13.6,4.02,1,0
255,1,35,Male,9,2,26,4,Semi-intensive,43,3.3,0,1,1,45100,0,0,26.4,15.3,17.9,3.98,1,0
256,1,45,Female,9,2,157,8,Free-range,52,6.3,0,1,1,45000,1,2,7.0,31.0,15.5,4.51,1,1
257,1,41,Female,1,6,8,9,Semi-intensive,94,4.1,0,1,0,71300,1,2,20.3,5.9,16.6,2.99,1,0
258,1,33,Female,0,5,14,4,Free-range,30,2.5,0,0,1,50700,1,2,19.2,28.3,10.3,1.97,0,0
259,1,36,Female,7,5,155,6,Semi-intensive,43,4.1,0,1,1,47800,1,2,12.3,21.9,13.5,2.66,1,1
260,1,23,Male,1,3,72,2,Free-range,82,5.3,1,0,1,59600,0,0,23.0,39.3,22.7,3.01,1,0
261,1,35,Female,13,5,116,5,Free-range,86,5.6,0,0,1,68900,0,0,12.3,28.9,14.4,2.19,0,1
262,1,34,Male,5,8,77,7,Free-range,36,9.0,1,0,1,57300,1,3,9.4,24.8,9.4,4.32,1,1
263,1,39,Male,9,6,31,9,Free-range,21,3.2,1,1,1,43000,1,2,15.6,9.5,8.1,4.79,1,0
264,1,31,Female,10,5,11,2,Free-range,36,4.6,0,0,0,40300,0,0,25.0,50.4,15.1,3.38,1,0
265,1,42,Male,4,4,2,7,Semi-intensive,38,5.8,1,1,1,43200,0,0,26.3,33.9,16.7,2.99,1,0
266,1,47,Female,4,4,271,11,Semi-intensive,20,4.7,0,1,0,42600,1,5,4.5,0.0,4.9,1.96,0,1
267,1,39,Male,6,2,4,10,Free-range,23,3.6,0,0,0,68500,1,4,5.6,25.9,4.9,4.24,1,1
268,1,41,Female,4,5,209,7,Free-range,86,1.1,0,1,1,59800,1,1,21.5,30.3,13.2,3.06,1,0
269,1,38,Female,6,6,68,3,Semi-intensive,53,3.6,0,1,0,66200,0,0,30.0,57.1,19.2,2.77,1,0
270,1,37,Female,4,3,80,6,Semi-intensive,31,2.2,0,1,0,49100,0,0,23.4,50.2,14.4,3.38,1,0
271,1,30,Female,11,4,75,2,Free-range,16,0.7,0,1,0,64000,1,2,17.5,16.0,14.3,2.53,1,0
272,1,40,Female,6,3,103,9,Semi-intensive,23,2.9,1,1,1,29900,1,1,18.7,30.2,20.3,3.12,1,0
273,1,36,Male,1,3,23,5,Free-range,9,2.3,1,0,1,28000,0,0,20.1,39.2,18.7,1.85,0,0
274,1,58,Female,6,5,1,16,Semi-intensive,44,6.2,0,0,1,28000,0,0,27.1,53.3,18.2,3.87,1,0
275,1,53,Female,6,2,30,16,Free-range,22,6.2,0,1,0,39800,1,2,12.3,28.4,14.1,2.92,1,1
276,1,41,Female,0,6,95,8,Free-range,47,2.6,1,0,0,82000,1,3,13.7,18.8,2.0,3.93,1,1
277,1,29,Female,1,6,14,4,Free-range,62,4.2,0,1,0,84500,1,2,15.8,22.0,14.7,2.84,1,0
278,1,26,Female,9,5,161,3,Semi-intensive,47,0.5,0,1,0,42400,1,2,13.8,23.5,25.0,2.89,1,1
279,1,49,Male,4,2,53,14,Free-range,28,3.6,0,1,0,33400,0,0,22.0,51.0,18.5,2.03,0,0
280,1,40,Female,11,3,12,10,Semi-intensive,19,5.8,0,1,0,35600,0,0,21.0,38.0,18.5,3.61,1,0
281,1,42,Female,1,7,71,3,Semi-intensive,14,6.8,0,1,1,43100,0,0,14.1,34.1,22.0,2.3,0,1
282,1,20,Female,0,2,94,1,Semi-intensive,81,3.1,0,1,0,51700,1,3,13.7,11.4,16.0,2.61,1,1
283,1,46,Female,11,4,100,5,Free-range,46,7.3,0,1,1,29700,1,1,21.2,25.5,19.7,3.0,1,0
284,1,42,Female,9,3,176,11,Free-range,30,1.2,1,0,1,59400,1,2,20.7,10.0,4.0,3.1,1,0
285,1,26,Female,0,6,29,3,Free-range,56,1.8,0,1,1,46300,1,4,4.0,2.5,8.5,1.64,0,1
286,1,32,Female,0,4,42,4,Semi-intensive,72,6.5,1,1,0,66900,1,3,22.8,32.0,19.7,2.82,1,0
287,1,40,Male,0,6,14,4,Semi-intensive,22,8.8,0,1,1,58000,1,3,9.1,14.9,11.9,3.64,1,1
288,1,38,Female,6,6,2,5,Free-range,45,6.0,1,0,1,75600,1,4,1.9,17.0,2.0,2.7,1,1
289,1,34,Female,6,8,57,6,Semi-intensive,45,4.7,1,1,1,49800,1,1,13.8,6.2,16.9,2.82,1,1
290,1,36,Male,1,5,30,3,Free-range,92,0.5,1,0,1,69100,1,2,5.2,29.7,7.5,3.13,1,1
291,1,34,Male,1,5,136,2,Free-range,29,0.5,0,1,1,52000,0,0,33.2,36.4,23.9,2.9,1,0
292,1,39,Female,4,3,3,10,Free-range,19,5.1,0,1,0,64600,1,4,15.4,5.2,2.4,2.18,0,0
293,1,52,Male,13,7,20,14,Semi-intensive,48,3.9,1,0,0,61700,1,4,10.8,11.8,6.5,2.97,1,1
294,1,18,Male,8,4,8,1,Free-range,59,2.1,0,1,1,51200,0,0,18.6,33.0,15.6,3.8,1,0
295,1,35,Male,5,4,59,4,Free-range,42,5.0,0,1,1,56100,1,1,30.7,9.8,13.6,2.16,0,0
296,1,39,Female,1,5,26,10,Semi-intensive,96,5.1,0,1,1,105700,1,3,9.3,26.2,15.3,2.7,1,1
297,1,40,Male,1,3,10,8,Free-range,29,7.1,0,0,1,51200,0,0,22.4,40.4,19.4,1.89,0,0
298,1,33,Female,6,5,39,5,Free-range,43,5.1,0,0,0,62100,0,0,32.6,34.9,16.8,3.75,1,0
299,1,19,Female,10,6,24,1,Free-range,11,7.7,1,0,0,43300,1,3,15.4,7.3,4.8,2.93,1,0
300,1,40,Female,10,5,20,5,Free-range,18,4.8,0,0,0,47000,1,3,24.6,2.3,2.0,2.32,0,0
